,xp,numberOfQuests,address,proportion,amount
0,14995,141,0x51F6749Dee3510F983C15B7c239CC6df4e4054Ea,0.007077670292428851,141.55340584857703
1,14530,119,0x7c318bfBe63833E7a291e130337652C94C6EE464,0.006858189353050431,137.1637870610086
2,12030,87,0x46f3cC6a1c00A5cD8864d2B92f128196CAE07D15,0.005678184302628815,113.56368605257632
3,11470,97,0x56EbC608fD6B8F8CeF2775a3Ee0DddaEc01A7000,0.005413863171334373,108.27726342668747
4,11240,96,0xa3732fC9d975f9Aa1cfD069C991cDd3714d7c8f8,0.0053053027066955845,106.10605413391168
5,11070,75,0x2e4c4ca65fd9381c7c9E674a2d33F73A8463D652,0.005225062363266915,104.50124726533829
6,10760,66,0xc91fA8bcc82dAAF4Ac4d7A2c150147B19c3C673B,0.0050787417370146345,101.57483474029269
7,10680,98,0xf3b059c887172f2cc52b5e77EE3b2C8B3A32E6eF,0.0050409815754011425,100.81963150802285
8,10630,65,0x06f7DC8d1b9462ceF6fEb13368a7E3974b097F9f,0.0050173814743927105,100.3476294878542
9,10550,126,0x64A6a0743506ed1A763E2723770D7554E89595f6,0.004979621312779218,99.59242625558437
10,10070,120,0x25e58696FBC8eB88301Ee06a57f77d9f0715Ec97,0.0047530603430982685,95.06120686196537
11,9820,76,0xD197509518a20610db751c9A04eb14C3A3a1330A,0.004635059838056107,92.70119676112213
12,9810,75,0x3F903f55f44baBa1097FFc8aAC5de2460726d0be,0.00463033981785442,92.6067963570884
13,9160,65,0x43C24C1B61c243BFbd4330E5849eF51BA39E43Fd,0.004323538504744801,86.47077009489601
14,9085,110,0x6Bc8417F1716dE63445ff73B6eB99Ba949C8b0b1,0.004288138353232152,85.76276706464304
15,9080,71,0x8F75EE357b0a25F6774703604d933c68B30Ba4F5,0.004285778343131309,85.71556686262618
16,8670,71,0x9e0f462259f1f9e4c030a4142fe605f6c3ed1911,0.0040922575148621635,81.84515029724326
17,8450,54,0x0649Cbc3b8037EF705f2DA61E2D72F10e47d0213,0.003988417070425062,79.76834140850123
18,8360,65,0xcB730b834897Ac909FA1070cCEAa58cb0Fd6C117,0.003945936888609883,78.91873777219767
19,8290,61,0xD522FaC937D073F909e14dBE201Adce471d6ae1C,0.003912896747198078,78.25793494396156
20,8210,67,0x9fff4f24a6ab34561690ee2e0d018190c1e71777,0.0038751365855845864,77.50273171169172
21,8150,47,0x9ED7C2bC67Bb08cE4Ea4f76A8029Aa5F4910e6ee,0.0038468164643744676,76.93632928748936
22,8150,46,0x5bE8c6bc76DF0E461F7Bab5d50914De598aFa375,0.0038468164643744676,76.93632928748936
23,8150,46,0xd071c06CbdD013c43db4Cfa14A92630EB7FD04FA,0.0038468164643744676,76.93632928748936
24,7850,52,0x0efA6709eE448Ce04402485746CFAFcE52F74460,0.0037052158583238738,74.10431716647747
25,7785,112,0xEA015D0eE2cC77Ab8006F8B275BC08e0C738f1ff,0.0036745357270129117,73.49071454025824
26,7785,112,0x4012B517B1359CF6C9539720f7910b3534619419,0.0036745357270129117,73.49071454025824
27,7785,112,0xED293F9898F963Fd600bB3F416Eb3124e3Ba8A15,0.0036745357270129117,73.49071454025824
28,7785,112,0x4f1760d0629eF356588C39Ca538F458953036750,0.0036745357270129117,73.49071454025824
29,7785,112,0xaC5D6cb45aE2f01657068ED3189262f9891FDf29,0.0036745357270129117,73.49071454025824
30,7775,111,0xEf62696019e772fa3AeA8C1610ECEc1a3eab2767,0.0036698157068112253,73.3963141362245
31,7775,111,0x8609391C98F3877eB9Af647Dcd3A7620E977532F,0.0036698157068112253,73.3963141362245
32,7775,111,0x8CAAA3238Ad376f8370a9453e8e70b28D521BDf5,0.0036698157068112253,73.3963141362245
33,7750,56,0x6f00c406d32c6bb09d48e78d7cfb7ff96875cb57,0.003658015656307009,73.16031312614018
34,7750,51,0x3785696215704E3b1A48Fea23B6221CEabA20811,0.003658015656307009,73.16031312614018
35,7685,111,0xf4085aC1D4328690c4D146B83DE4E6a40FF4aA04,0.003627335524996047,72.54671049992093
36,7675,110,0x51Eb42E36269807DA1703d1107a73BD4Dd79b748,0.0036226155047943604,72.45231009588721
37,7580,76,0xB60b22dB8Fe55EEFe7Ee165FbA6139caB34fb5F2,0.003577775312878339,71.55550625756679
38,7525,112,0xE3E7620168DF930e62fb8Fd04D6E8049892Eae1D,0.0035518152017690635,71.03630403538126
39,7510,110,0x764cB6F50569C7Dd5d5D5a071C5ec00d1a398970,0.003544735171466534,70.89470342933068
40,7200,52,0x90552Ca53592DfA96C887400DDAB964B2824FF02,0.0033984145452142537,67.96829090428507
41,6870,66,0x439Db283243F6F7B8024Be09aFD994457075743B,0.0032426538785586003,64.85307757117201
42,6650,39,0xD0d9E3505349BC945A414A6EC8fF8bcaDAbF20e3,0.003138813434121498,62.776268682429965
43,6630,58,0x48b576c87e788a762D6f95A456f2A39113b46950,0.003129373393718125,62.587467874362495
44,6500,40,0xbea3A948245e5b037c2682c5d0FeCaf27EB0bF37,0.0030680131310962012,61.36026262192402
45,6410,54,0xecF0d0Fb6db9f0c8c84Fd8A5274d5768574Eaabd,0.0030255329492810228,60.51065898562045
46,6370,51,0xbfBDcBC1cBf3bdfa665E75c899e8B5D219e24AF3,0.003006652868474277,60.13305736948554
47,6360,57,0x376828A07dc3bf2a237a9E1C2EAB2B06459D9daD,0.0030019328482725907,60.038656965451814
48,6350,36,0xe6F7801Fe249D11F0e93f095506CE786921C25Ad,0.0029972128280709043,59.94425656141809
49,6310,51,0x29294763c4968E04389E27A46C0d85d1A0A89f67,0.0029783327472641583,59.56665494528317
50,6270,54,0x50b30CB35a71D9250AF22166b77491B68390B26F,0.0029594526664574123,59.189053329148244
51,6260,61,0x291c11EE930B55A5CFd2E420D34258820b895113,0.002954732646255726,59.09465292511452
52,6170,50,0xd3315eb0faa4849d256475dfff2587a21283950b,0.002912252464440548,58.245049288810954
53,6170,57,0x317f30BD1EEE6CBEc861FFb66055612cc809a27a,0.002912252464440548,58.245049288810954
54,6150,86,0xc5afc3a0f462c5a387393421b6a253204a3be8d2,0.002902812424037175,58.0562484807435
55,6150,47,0x0e60173a62C715B90Ea39Ec5Af6F66eF7166679F,0.002902812424037175,58.0562484807435
56,6150,38,0x7e5c1a665bfd595a8de3ac91dabb37a65db04096,0.002902812424037175,58.0562484807435
57,6120,59,0x12D23991BD8a25333036CF41F44AF6894F2Ca61C,0.0028886523634321154,57.77304726864231
58,6110,51,0x5ce6ffb894853702d47F3bDEF1878D8f9818Aac6,0.002883932343230429,57.67864686460858
59,6050,47,0xDf2013bFE1B697DeB5Fc612980293b68d8b9a39E,0.00285561222202031,57.1122444404062
60,6000,67,0x303cD760680d2a6B474665e8Cf7e99f32D6337dc,0.002832012121011878,56.64024242023756
61,5960,53,0x70E7Cea46839cA3b77a6452bd3f73ab4CaCa5659,0.002813132040205132,56.26264080410264
62,5960,53,0x2cc8E1b08Ef471f139E77DaC84e19e694e1d7B9C,0.002813132040205132,56.26264080410264
63,5870,59,0x40a4729c5bd3cee706156ed3c0a5c2e123745bd6,0.002770651858389954,55.41303716779908
64,5750,37,0xF847173D93d1FFf6EDCc941f8a8ED542730078eF,0.0027140116159697163,54.28023231939433
65,5740,49,0x8832D07a813A17df7275E6B402efD514125605C7,0.00270929159576803,54.1858319153606
66,5670,53,0x592e0C3f6c48858EbA3421B0C7aba368a5F8F960,0.0026762514543562247,53.525029087124494
67,5620,55,0x133351314363261c8dec8C625ad7549281d770d2,0.0026526513533477922,53.05302706695584
68,5570,51,0x31e3849AD7d74Fda8D52f3BB915C8EacD7bCb0d6,0.00262905125233936,52.581025046787204
69,5550,31,0xBAEAFCc05024818f4F74C3457e81e9C3163bFa46,0.002619611211935987,52.39222423871974
70,5520,52,0xFae730760F3c308fe2694823b348DE66eF63CA29,0.0026054511513309278,52.10902302661856
71,5460,54,0x00779b79BB1Ec71CE36340c1128687C61cFb0feb,0.002577131030120809,51.54262060241618
72,5460,49,0x227FD2fD881Cc6c99DFCcc0FB40f2B1dc2f3F36E,0.002577131030120809,51.54262060241618
73,5445,93,0xC34DeaE8cB276192AEB7007E50b0631854F409F8,0.0025700509998182793,51.401019996365584
74,5410,51,0x76e83d71618509368ec3d34008fcea83af037d87,0.0025535309291123765,51.070618582247526
75,5370,54,0x406ceeeFa0261873013b4CdAaF2E8255b67B62a2,0.002534650848305631,50.693016966112616
76,5370,49,0x56fa16f75C47428C80237dbe5b26767AD67aAb0A,0.002534650848305631,50.693016966112616
77,5350,50,0xD75A0E583A72a8f5066F2fdBf96486E92878E430,0.0025252108079022576,50.50421615804515
78,5350,34,0x69155E7cA2E688ccDc247f6c4DDF374b3ae77Bd6,0.0025252108079022576,50.50421615804515
79,5320,49,0x6Dd9D1e0acE2bc5802e13D1BCCA2016C8161f219,0.0025110507472971984,50.22101494594397
80,5260,42,0xBb35bf108d80C3daE2607E562dAFFcfa274E4c61,0.0024827306260870796,49.65461252174159
81,5260,51,0x1935fe0cef54ebddc83d969f550f85d7cb29e816,0.0024827306260870796,49.65461252174159
82,5220,94,0x201f5eabba4d62e692356c7c76648799ae0f7fd8,0.002463850545280334,49.27701090560668
83,5200,39,0x13691b36ead3881f46d77a6d6caef0ecf80759a8,0.0024544105048769607,49.08821009753922
84,5170,49,0x5aE98f92049666c62BBcb55b085737e036609388,0.0024402504442719015,48.80500888543803
85,5160,51,0x8Cd325a95055E0A7676B46aF0A0809612F5A04c2,0.002435530424070215,48.7106084814043
86,5160,47,0x97B99fF519DC6AcEDce32bbc28a22afE27fBDD05,0.002435530424070215,48.7106084814043
87,5100,40,0x765a16ca391A6b9249cfA65bf2D14C38722198e3,0.0024072103028600963,48.14420605720193
88,5060,50,0xFF8dEFAfa405c3d143fc69aBD1CDD619b97B37c5,0.0023883302220533502,47.766604441067
89,5050,39,0x89d241886F9aC187894963581151c7d89d8A6e1b,0.002383610201851664,47.672204037033275
90,5040,56,0x34CbEaB985c279f201D768Ea6fcCa010e036a985,0.0023788901816499774,47.57780363299955
91,5010,48,0xB3196054293f4Ccb24CcA3d5e1F0cdf91f5F3783,0.0023647301210449182,47.294602420898364
92,4960,44,0x6EdE5522B1C7773E2E5482E52a6bF75ff3B70597,0.002341130020036486,46.82260040072972
93,4950,41,0x64773C52D81a55d8791E97E00215acE117495FE3,0.0023364099998347994,46.728199996695984
94,4945,90,0xa731b650f9A7D3C90497F099A26924702dA41402,0.002334049989733956,46.680999794679124
95,4935,89,0x35cF2E09085dBB6C832D4578F48D816F32DE8094,0.0023293299695322698,46.5865993906454
96,4920,43,0x6C1AF107a2FCB161799DCD174D7a4246D148e617,0.0023222499392297397,46.444998784594794
97,4910,50,0x99D265113A14A9D79f42608Dd444371258aD25ee,0.0023175299190280533,46.35059838056107
98,4910,49,0x68ad201a5A69feb4FB2f16aFCBe473c5F335Ba20,0.0023175299190280533,46.35059838056107
99,4910,44,0x699a4ef4532B3adFdF41941872b5Ed5a27d0d7AF,0.0023175299190280533,46.35059838056107
100,4895,90,0x21B774F32ac526CEAA816041211C25dB86eED7D0,0.0023104498887255237,46.20899777451047
101,4870,49,0x808D2b2eEC9bA3f635C20d326499c1a5Fc420669,0.0022986498382213077,45.972996764426156
102,4860,48,0xD19d77Cb5446C7A059Da98E7871702d9Cf891341,0.0022939298180196213,45.87859636039243
103,4860,43,0x000a4311A2B5A3917a747080a812128d945BF422,0.0022939298180196213,45.87859636039243
104,4860,44,0x881Af48a9878Ae8C4FABc8eC4DA1D96b181F59B0,0.0022939298180196213,45.87859636039243
105,4835,88,0x750528e11122d6Ba1dBc04342524CD911D6F9623,0.002282129767515405,45.6425953503081
106,4835,88,0x025c64EFE5C55CC6bCEC425dB060E84539557E7D,0.002282129767515405,45.6425953503081
107,4810,87,0x7A4aa534CB87b3FF77fdc4A66885272fd83C4C8b,0.002270329717011189,45.406594340223776
108,4785,87,0x333Fc216427B96E7e5C7fd57ef4CFe14466c9267,0.0022585296665069724,45.17059333013945
109,4780,50,0xce5Ec3f3205157b658E700313A77b8D14Cb4644D,0.0022561696564061292,45.123393128122586
110,4765,57,0x8c0c7d95621b5f9c368e673d53015254b66645f7,0.0022490896261035996,44.98179252207199
111,4750,42,0xbC1C4ae2cA278c48Fd54e9C5C47E728E0ff7f480,0.00224200959580107,44.8401919160214
112,4750,38,0xf1dD94872A95D5b9D9b16612eBACfe745d5Dc0Ff,0.00224200959580107,44.8401919160214
113,4690,51,0x3b3f389d556acf95b011a09a0c3fd970589f039e,0.002213689474590951,44.273789491819024
114,4670,48,0xC805CE06589f6aAF336906F14e70aF4e54C19FC6,0.0022042494341875784,44.08498868375157
115,4660,46,0x086A8184c9FbfB66D1eDf2406a5d20576911f5Fe,0.002199529413985892,43.99058827971784
116,4660,48,0xB57115CDcCB3A2B5C19F69D4dca7858280C343e1,0.002199529413985892,43.99058827971784
117,4650,34,0x22b908c2FeA7a1e6043FfcDBc77D660D4D326961,0.0021948093937842056,43.89618787568411
118,4610,47,0xa04f3f148c3d803c03378fbaCb2A51B1571cD342,0.0021759293129774595,43.51858625954919
119,4570,45,0x66360799219e14A03294f51788f181D03B98ad93,0.0021570492321707135,43.14098464341427
120,4560,40,0xa9947dba816eFe4E05D615213B4ce5c95e7856A9,0.002152329211969027,43.04658423938054
121,4550,33,0xC56Bc1a93909508B0f6e57A32A5C2cC8B4940C08,0.0021476091917673407,42.952183835346815
122,4520,37,0xa33f12C8566D896B500860d202D3d30fB0053779,0.0021334491311622815,42.66898262324563
123,4520,39,0x16B266541ab166aF31693E19BEa524DaBfA0bC60,0.0021334491311622815,42.66898262324563
124,4510,47,0x98338bc546c38b1b401d1DF50077aCcfA787250C,0.002128729110960595,42.574582219211905
125,4510,37,0x82329640884872b5BF3FE2C0E99E5D6aBE953206,0.002128729110960595,42.574582219211905
126,4500,22,0xdDd0953A80e15C8B45552CA1AF4C6bb789777777,0.0021240090907589083,42.48018181517816
127,4500,22,0x666745d348F0b8fDB6ccF46d82Dd54fB2E033333,0.0021240090907589083,42.48018181517816
128,4500,22,0x999cc4Ef96b3BE817860Eb2829495ea7acBBbbBb,0.0021240090907589083,42.48018181517816
129,4500,22,0x55523520E1bf89BD97fA3E136Dd497b340888888,0.0021240090907589083,42.48018181517816
130,4500,22,0x22237cd6E45Bef845775840F41c018441B000000,0.0021240090907589083,42.48018181517816
131,4500,22,0x6664881C5cc50646f5cFE4447Ef4d5827a888888,0.0021240090907589083,42.48018181517816
132,4500,22,0x000f50e79475Cf08048435b6dAdb549a71777777,0.0021240090907589083,42.48018181517816
133,4500,22,0x333Ee762076551518ac0b17eBb07632446222222,0.0021240090907589083,42.48018181517816
134,4500,22,0x888D0eBc7177241439A5F8c676c8982A61111111,0.0021240090907589083,42.48018181517816
135,4500,22,0xFffCC119D77503bE6918157C9A9814fEE1000000,0.0021240090907589083,42.48018181517816
136,4500,22,0x7778512070d52819E4aa29D3B3330F65C4888888,0.0021240090907589083,42.48018181517816
137,4500,22,0xdDD1160c89eF92B269223BdC5C33cD8eDDcccCcC,0.0021240090907589083,42.48018181517816
138,4500,22,0x333033240962678c043af0780Fa3eAc44D666666,0.0021240090907589083,42.48018181517816
139,4500,22,0x000FCd479DDd18A0Dd2F3783Ced3516CbB444444,0.0021240090907589083,42.48018181517816
140,4500,22,0x111069EF0BCbEe693b8C36E64512eA999F333333,0.0021240090907589083,42.48018181517816
141,4500,22,0xffF9D646917ba8370f997e277f6EB00C49444444,0.0021240090907589083,42.48018181517816
142,4500,22,0x99970D52355d7e1c829706b92eF459DBA9333333,0.0021240090907589083,42.48018181517816
143,4500,22,0x444C4094635A765d65428275D6eD022996222222,0.0021240090907589083,42.48018181517816
144,4500,22,0xdDDB3BD2596b44200598923021Ba47a53daaAAAa,0.0021240090907589083,42.48018181517816
145,4500,22,0x7776ba2adEE8fa1FB15aadc09dc5C628e6999999,0.0021240090907589083,42.48018181517816
146,4500,22,0x777fF344eD7e70cfbDBF29A85AFaf555B0999999,0.0021240090907589083,42.48018181517816
147,4500,22,0xaaa3740913597FAD6128118c1416b1FfAeffffff,0.0021240090907589083,42.48018181517816
148,4500,22,0x888d08A60678321a41E54C20fC0e9d5acdeEEeEe,0.0021240090907589083,42.48018181517816
149,4500,22,0x999b8eA26e221b832D0F5D7F78ebf0501eddDdDD,0.0021240090907589083,42.48018181517816
150,4500,22,0x000986993080D1D8EB0E046BDFbBe3e688eeeEEe,0.0021240090907589083,42.48018181517816
151,4500,22,0x333A0dE515c88b530B87B86634bEA22Fe0fFffFf,0.0021240090907589083,42.48018181517816
152,4500,22,0x4446A484dd21fFabea865494557D493F91eeEEeE,0.0021240090907589083,42.48018181517816
153,4500,22,0x000fae09C095AB9E139b492F25Ca59E96EDDdDDD,0.0021240090907589083,42.48018181517816
154,4500,22,0x1115B51a752B76b649910682B26E16cb57AAaaAA,0.0021240090907589083,42.48018181517816
155,4500,22,0x000293cC47715133b72A66e0679C98ECe2BbBBbB,0.0021240090907589083,42.48018181517816
156,4500,22,0xBBb33c7a8bf5A6ddBB035146967dfeE268cccccc,0.0021240090907589083,42.48018181517816
157,4480,47,0xe3D44b0Be18F0a0d703Fdb07Ece2309ed2c698b4,0.0021145690503555355,42.29138100711071
158,4480,55,0x181A81e54Da038370A88B95F5b6E352C27C5bDac,0.0021145690503555355,42.29138100711071
159,4470,47,0x5477d4639E998Ddda7E97F44aD159f4b7f1E3fc7,0.002109849030153849,42.19698060307698
160,4470,48,0xca0693051BAd733BC7cABF01D6ECdc6eF1d36fcB,0.002109849030153849,42.19698060307698
161,4470,41,0x49218a367a0346F6C3Ca4001cE5Ea31e1867448e,0.002109849030153849,42.19698060307698
162,4450,41,0x55845Ba568A83707A5CFBEe80271572801AC9Ab0,0.0021004089897504762,42.008179795009525
163,4450,21,0xEEe53913794E2Ad73b0752a5c627288f6A111111,0.0021004089897504762,42.008179795009525
164,4450,21,0x555091082263325aFb58690ed31F73416dFFFfFf,0.0021004089897504762,42.008179795009525
165,4420,44,0xFc5Feb5fB35946f33C6E559E025f44d427127e8C,0.0020862489291454166,41.724978582908335
166,4420,49,0x93ADf181c0D477568aa8c18014cED7fE5074b561,0.0020862489291454166,41.724978582908335
167,4410,44,0x53f792e5442E7454BFc2c01Ac8A62976B4d35EbD,0.00208152890894373,41.63057817887461
168,4410,40,0xe8272d809325871745750a7225bf85671568f078,0.00208152890894373,41.63057817887461
169,4370,52,0xb3AbF83EFCE1B48Ed63AAA534865D2005e05097B,0.0020626488281369846,41.25297656273969
170,4350,49,0xdc3b17b7787feab3e68e187f9d1abe4c2f0c3d8d,0.0020532087877336114,41.06417575467223
171,4350,33,0x989F9e2278f258D6639F02E92c257102c8C3197B,0.0020532087877336114,41.06417575467223
172,4350,31,0xd5dBb9e213545a4d8248d671BfCf6E5fa6E72fAF,0.0020532087877336114,41.06417575467223
173,4350,31,0xA0eDfC6adb23f6abBa4F1813dB3f3bE22e94BF5E,0.0020532087877336114,41.06417575467223
174,4350,31,0x129B618FB15B0DF08dAAC64A393482B7C25Fe1B9,0.0020532087877336114,41.06417575467223
175,4310,44,0xA4DBa4Fa4F3E39066Af03850C564e63cDCE8D1e7,0.0020343287069268657,40.68657413853732
176,4310,46,0xd082d32f4a0e28192f6170aA83dCB6c201654B11,0.0020343287069268657,40.68657413853732
177,4310,45,0x249DA53668627652b4f095D225686f2258A89171,0.0020343287069268657,40.68657413853732
178,4310,35,0x2Cf6165960e9C3649a729dC9DB800fDf9f22cb5D,0.0020343287069268657,40.68657413853732
179,4305,83,0xE5f5e7Ee2EAb5F54bf7b70cdD3Ef899c3E585C81,0.0020319686968260225,40.63937393652045
180,4270,42,0x8a792067b5F1c74B16e934037460054Ade0EE2AB,0.0020154486261201197,40.30897252240239
181,4260,45,0x3d5282bc653b69a04955daB5c79360E8286156cA,0.0020107286059184333,40.214572118368665
182,4260,41,0x90155b0b1ae36ec2ade7989d570caeb244aafe27,0.0020107286059184333,40.214572118368665
183,4260,42,0xE312264979a3d0fA99288B7641205Ac7b0E5d8A5,0.0020107286059184333,40.214572118368665
184,4260,39,0x03d5C5f93b297ce047E1E9db2C89F1f56443a80e,0.0020107286059184333,40.214572118368665
185,4250,36,0x0075edc87C28DB85B1fC56eaD420733968576276,0.002006008585716747,40.12017171433494
186,4250,32,0x3d57DB565fF1C4AE5AEfF308Ba841D07EB75D880,0.002006008585716747,40.12017171433494
187,4240,48,0xb8e1397c908c7021e69f2494f6dca033fe671dad,0.0020012885655150605,40.02577131030121
188,4215,80,0x04584a5DEFCcAaE4b58EEA19D3aA640e18BC89F5,0.001989488515010844,39.78977030021688
189,4210,41,0x15c4f1c545b409423ac11051ab11d23c2f01c99c,0.001987128504910001,39.74257009820002
190,4210,42,0x7D770A9D199acB867D6d0bfAAf8BD86eB4a5433d,0.001987128504910001,39.74257009820002
191,4200,39,0xFC5cf3Cc26F8D29c1478a799643b1A9352877BFf,0.0019824084847083145,39.64816969416629
192,4160,39,0x7C215243570F737FdbcEEBD456f72375BD7b3eee,0.001963528403901569,39.270568078031374
193,4150,34,0x16C0fC6712074A2b263241fFf24Edf200097E092,0.0019588083836998824,39.17616767399765
194,4150,36,0x78892a2E56319aE2e0971EAE96eBB24fE23eaA18,0.0019588083836998824,39.17616767399765
195,4110,43,0x91E0C9cdDff46b6933F6BD94fE8df964b847C641,0.0019399283028931364,38.79856605786273
196,4110,41,0x9591B078D68F766eF5D1A7023190fC712675Bd33,0.0019399283028931364,38.79856605786273
197,4100,21,0x555702d4419EAD372b75205E23A6D7Ac98666666,0.00193520828269145,38.704165653829
198,4100,21,0x3337848934C7dADC483D68E4599F5C4e53555555,0.00193520828269145,38.704165653829
199,4060,42,0x6BBddCBce0656e7422A965B780d2f112578dbD0c,0.001916328201884704,38.32656403769408
200,4060,38,0x83DC4E830f658Cd4927c64a68fb7A024e31610dD,0.001916328201884704,38.32656403769408
201,4050,31,0xf98891ec45e6a6e94a8795257cad9f785bc6704e,0.0019116081816830176,38.23216363366035
202,4050,29,0xF334c237a80604e9baF60A44Cbd2c468bE4DA99D,0.0019116081816830176,38.23216363366035
203,4050,30,0x4fc53cdfb93fa69058529aa2caa174581e7fb541,0.0019116081816830176,38.23216363366035
204,4040,48,0xfdf3B3B1cfE5f4967DabA1719693d589Ba790c1c,0.0019068881614813312,38.13776322962662
205,4020,42,0x2164d6b2ef215a4f46912bdd18f27a25041ebe29,0.0018974481210779581,37.948962421559166
206,4010,35,0x37cf6a8a0c8b469c3556b998a1d761b4a04e6ddd,0.0018927281008762717,37.85456201752543
207,4010,38,0x8FC4c1492F10A9310dCD94c2E9a2cb68A3dB7cdC,0.0018927281008762717,37.85456201752543
208,4010,41,0xe5004A0487D48a7c1Da7960641a1097CDFB37Bf1,0.0018927281008762717,37.85456201752543
209,4010,35,0x0Dc2af2aC013d4082384c3403E4df53146623639,0.0018927281008762717,37.85456201752543
210,4000,37,0x7f2B21C5D2783b9A538C9F7314C60AdEe9249054,0.0018880080806745853,37.760161613491704
211,3970,42,0x1Bf67aA5913aF8057399CbDe075abafE2408b67B,0.001873848020069526,37.47696040139052
212,3950,27,0xc4c3c2c5c6bab86ebcb77e6b5795c638bf150f54,0.0018644079796661529,37.28815959332306
213,3920,33,0x2145c63b91bDb6B1ddB183C9e53E8BcF183dA1AF,0.0018502479190610937,37.004958381221876
214,3910,39,0xd748123e395Ab14aaa7E294B0F441212fF9BcD02,0.001845527898859407,36.91055797718814
215,3900,36,0x0864C1f065fF5564F4649A58A516c7f7C20Bc369,0.0018408078786577207,36.81615757315441
216,3860,42,0x8e0e3d4a18aa44904ebda87c5b42545d1cec2e5f,0.0018219277978509748,36.438555957019496
217,3860,38,0x475937600247cAA661Cf4530c628d7cBdBED85b1,0.0018219277978509748,36.438555957019496
218,3850,32,0xA2EC9f331dE36c75ac6B5780A3342fe269A049Fe,0.0018172077776492884,36.34415555298577
219,3850,33,0x969785b0f5E2d553c3b98d68C804a761aA738957,0.0018172077776492884,36.34415555298577
220,3850,22,0x666d06c36B2196A408D63Cf1d2CA724668ddDdDD,0.0018172077776492884,36.34415555298577
221,3810,38,0x83e4C71f591c4Db12Ed2Ecb014d77c2cAd39e560,0.0017983276968425424,35.96655393685085
222,3810,38,0x447a156474DAA666A3BBbd9F1F3b17bA851c909F,0.0017983276968425424,35.96655393685085
223,3770,40,0xdf1A57Ca8D9b03E15808AE615B48c8b9B38289cf,0.0017794476160357966,35.58895232071593
224,3770,40,0xEA70F4CA1aa82862CaF7Cc6DCD62D04bEA18E481,0.0017794476160357966,35.58895232071593
225,3770,40,0xB4b38fbB72bcB2686202a9746C19521c24f0F35d,0.0017794476160357966,35.58895232071593
226,3760,33,0x2eb9916B9c6b7ac84912FFaBd3D165DC0Ba4b788,0.0017747275958341102,35.494551916682205
227,3760,39,0x4Dd283F0E1738bEeC2Aebe017481b6383Cf1b64D,0.0017747275958341102,35.494551916682205
228,3750,29,0x7Fe5657F89acc4E4592294b0D9120a292479E789,0.0017700075756324238,35.40015151264848
229,3750,27,0xf9e96b3190e5ae39fa8EA07C1E85d79E6e2671aC,0.0017700075756324238,35.40015151264848
230,3720,39,0x41963630B6e1FE317bdeF2C7877F2715451DF136,0.0017558475150273643,35.11695030054729
231,3700,30,0xcca50b150259f60a8980c928e676a383d415872b,0.0017464074746239913,34.928149492479825
232,3660,39,0xfC579d4cc54E68DA2FA3945cFe1a8edcDAc8Cf4d,0.0017275273938172455,34.55054787634491
233,3660,39,0xE16C491c965449A722022b827Ef88954DA8CDcc4,0.0017275273938172455,34.55054787634491
234,3650,30,0x02ad858Edb8f57eC208b505a1C9fDA64bfF06560,0.001722807373615559,34.45614747231118
235,3650,30,0xFE49F9193ef934f403455016A191e208dc2374E8,0.001722807373615559,34.45614747231118
236,3650,17,0x75D8cF165E4Ca0bf8338FBcF70190e27494be18C,0.001722807373615559,34.45614747231118
237,3640,36,0x65DAC8B5D5D31b1150d8a5a5A14Ed0e3A6827da8,0.0017180873534138727,34.36174706827745
238,3630,38,0xAA3a485D1433809230e857982337d1c2fea69Ef1,0.001713367333212186,34.267346664243725
239,3620,37,0xE86d0BB7960F0Abe7F1Ac3092Af6b989B71BDc91,0.0017086473130104997,34.17294626020999
240,3620,42,0x4B82541f3a6fE80EE238b63Aa7dDd5B21015580C,0.0017086473130104997,34.17294626020999
241,3610,21,0x292C344e422D52313a83fEc04b89A388C443B0bf,0.0017039272928088133,34.07854585617626
242,3600,34,0x1fD37Dc62Bc9fbc3e4205a9a91b79bfaa5190afD,0.0016992072726071269,33.984145452142535
243,3600,34,0x3C0D296fC374ac326705fd4E8d0B47C0A54f8E2A,0.0016992072726071269,33.984145452142535
244,3600,34,0xD837a6aA13b9d0D506472E21ecCDF7aCfb7Edd47,0.0016992072726071269,33.984145452142535
245,3580,44,0x8520364A65f1b096e7A1309ABb86B0bB790e421a,0.0016897672322037538,33.79534464407508
246,3560,39,0x9B25081133CA8b9d5cE0b8768334c66C8210495F,0.0016803271918003808,33.60654383600762
247,3560,38,0x0962e19fa8639407e25e43f3cac4f918c2111ff5,0.0016803271918003808,33.60654383600762
248,3550,32,0xF0e96Dad973b2311C013D40c72887d96E6BA93AC,0.0016756071715986944,33.51214343197389
249,3550,30,0x837A9901300312c86884902DB2bFd343A93604Dc,0.0016756071715986944,33.51214343197389
250,3550,29,0x96e1991ebd4b08975cbdca89d09fe7b677af407b,0.0016756071715986944,33.51214343197389
251,3550,34,0xDFF0B884D86Ee40541c25F3dc3F5b35A77BDBAD5,0.0016756071715986944,33.51214343197389
252,3550,27,0x3aa6605d87f611e43ad0a64740d6bef9b80fcd2c,0.0016756071715986944,33.51214343197389
253,3550,29,0x5F87d3b251Cd4066CC1e2b887593c51D3de55563,0.0016756071715986944,33.51214343197389
254,3520,37,0xC212d5339BEC65eA533b6Dde66829c873b8cE390,0.001661447110993635,33.2289422198727
255,3520,38,0x3BF331d61F370198974E4B67d9e519b8d4e44b3e,0.001661447110993635,33.2289422198727
256,3510,38,0x609C8944Ba9d9b33663b51E13e358bf1444fBb7d,0.0016567270907919486,33.13454181583897
257,3510,37,0xD1EA0757c8Ea7128876Efaf1a9727305B72A811e,0.0016567270907919486,33.13454181583897
258,3510,37,0x0A3FE49B6bD9a461B7Fe957EDC3761c3b1a255b1,0.0016567270907919486,33.13454181583897
259,3500,35,0xa89051a95bE0E65d0C35d104c8b575eE47c04C3a,0.0016520070705902622,33.040141411805244
260,3500,36,0x02532ECE7C1d59475f0660c49CF3da4d4Ee4CB59,0.0016520070705902622,33.040141411805244
261,3460,35,0xabaEabE556690B3ed6d4384ce391dD67375d5f94,0.0016331269897835164,32.66253979567033
262,3450,34,0xFb305729f9105046D3F521C7E57Cc11B42E15586,0.0016284069695818297,32.56813939163659
263,3450,31,0x0737E8E41a9F4F1C5C24F305733eEcC40b00bBd8,0.0016284069695818297,32.56813939163659
264,3440,35,0x77d62D943Cb55e5A081568d57947A3ce552026b7,0.0016236869493801433,32.473738987602864
265,3410,38,0x08535A09b157a52FcC208d6D754a938fdCAe51b6,0.001609526888775084,32.19053777550168
266,3370,29,0xb591b3F0b654a93100ACD1c3dc320c7Ce0FEDe09,0.001590646807968338,31.81293615936676
267,3360,33,0x8a2C582498f6a10D5051078e4cEd0Be25e1C4a45,0.0015859267877666517,31.718535755333033
268,3360,37,0x34d1B942f5469Bb9a68F8120075A41787a0dc4Db,0.0015859267877666517,31.718535755333033
269,3350,36,0x1e9c0c700D77aB8d6302f5e891071C0C0104f979,0.001581206767564965,31.6241353512993
270,3350,37,0xbCe369626A48DcD7E1252c4349FF09d8BF9bE46c,0.001581206767564965,31.6241353512993
271,3350,25,0x8fe37daa2541b0Dc636cd5E20E57d55b4F3cD168,0.001581206767564965,31.6241353512993
272,3320,27,0x87f5a959973026688e8E9005d3c1e9C9bf5f7115,0.0015670467069599059,31.34093413919812
273,3300,36,0xb99c38602c12675fbd1708FCbf6FF8D9B658B199,0.0015576066665565329,31.152133331130656
274,3300,32,0x15Cdad27Cd4C0b2fe5aa2840F194d36FE66ca64D,0.0015576066665565329,31.152133331130656
275,3270,28,0x77f60ebb01b717B21422Db2bc7b8b3b17F6DFAC1,0.0015434466059514734,30.86893211902947
276,3260,35,0xE475A6dEC3d44d0B7A6608A9Cea292C8e8CBaba4,0.001538726585749787,30.774531714995742
277,3250,30,0xB4d1Da67C3E05D0Fa8035bDde51f78F51fBeE253,0.0015340065655481006,30.68013131096201
278,3250,37,0xfefB1b39CCD6c72DA209c1eE8648fE3e5c10FCd0,0.0015340065655481006,30.68013131096201
279,3250,37,0xDd5AeaC0E40a3DEC258619DBbf2fa1Aa66E9c273,0.0015340065655481006,30.68013131096201
280,3250,26,0xBDfCa3042665459773284CbCC7A5e1FDC1b23be2,0.0015340065655481006,30.68013131096201
281,3250,34,0x6c7b249fcebd1c839f9fc9d887839fc49d9bcf7b,0.0015340065655481006,30.68013131096201
282,3190,43,0xC35B10EfF96e8D89FCC4bA25cCB41eE830803aca,0.0015056864443379818,30.113728886759635
284,3160,26,0xce455590B6c81684A08086b267f13AAD2E1F9343,0.0014915263837329224,29.83052767465845
285,3150,33,0xD2d5A91bbeF42712B01A90B9DdB0E787B0642359,0.001486806363531236,29.73612727062472
286,3150,25,0x2e2f3BeE25eA08495942a9B628C696B16c85B2c8,0.001486806363531236,29.73612727062472
287,3150,24,0x591860A562D48a7C9006105612B573F8b1EF6817,0.001486806363531236,29.73612727062472
288,3130,35,0x6dBB8109B561F87DB656C918C86b51Da0661956D,0.001477366323127863,29.54732646255726
289,3120,37,0x4C6d1070A8B52f6E4e1c9D0F85aAd6664007E158,0.0014726463029261765,29.45292605852353
290,3110,36,0x445ebb2ce29788548f00a180d2ac8bb17aa98834,0.0014679262827244901,29.358525654489803
291,3100,31,0x46047F537D006d7953295e1c49FC2e5B89Bb4920,0.0014632062625228035,29.264125250456072
292,3100,34,0xBaA03F55346a9DD6315D7C91D03dC4B008e780DE,0.0014632062625228035,29.264125250456072
293,3100,35,0x7B6F08DBBbD7830EDb8A7AF78fE438bb436b2f74,0.0014632062625228035,29.264125250456072
294,3100,25,0xE908d303Fe17d8296311180C89F7A6B421c89540,0.0014632062625228035,29.264125250456072
295,3070,25,0xE25f3BE026FB8c20b21Bc25D05F95369495eb8B3,0.0014490462019177443,28.980924038354885
296,3070,35,0xf2445b5688cda8e18afe4db89d3c6eee54b66a65,0.0014490462019177443,28.980924038354885
297,3060,24,0x2a81C2DA716FB228A6e3d86f7821Be033F8F1275,0.0014443261817160577,28.886523634321154
298,3060,34,0x0e54736D61c578cB254ef74D6598eCe99FaF8796,0.0014443261817160577,28.886523634321154
299,3050,38,0x356365ddb5ec9572dFb38d19D22b74bd4670A10f,0.0014396061615143713,28.792123230287427
300,3050,36,0x17de75aD6545FaeA4966D9E3Dd80B1eD76a63305,0.0014396061615143713,28.792123230287427
301,3050,25,0xFd36B412564060ea7a53C2c4A1afD78636880A41,0.0014396061615143713,28.792123230287427
302,3050,22,0x1D84e85166fAA05Db777B931E5AD6E10aCDEBB7f,0.0014396061615143713,28.792123230287427
303,3050,33,0x1262cC3Ac1129C75ca4a2437bBd1E8870A00F62B,0.0014396061615143713,28.792123230287427
304,3020,25,0xc68FA83DD174B21F60407fe488683C7FCcFdD044,0.0014254461009093119,28.508922018186237
305,3010,25,0x3F03A524f95A7a58Ff0FA4D5BbFDf32C46C1Bb5c,0.0014207260807076255,28.41452161415251
306,3000,33,0x73e8d574264acc681e8dceba54f36f5eaeda7005,0.001416006060505939,28.32012121011878
307,2960,32,0x8e2e5e801a8e055703f8d939acee0af305532376,0.001397125979699193,27.94251959398386
308,2960,34,0xf348b733DAA2e1CdA395F4f3c82d81086feEDf71,0.001397125979699193,27.94251959398386
309,2960,33,0xDAd214d77dc31C2f6E722661dC717C38946e1856,0.001397125979699193,27.94251959398386
310,2950,28,0x22C4C5b915c43113448aBEd70b717067cdA55009,0.0013924059594975066,27.848119189950133
311,2950,35,0x43A996fa50d2f378d707aCA9dDCDE1C30CB68f63,0.0013924059594975066,27.848119189950133
312,2950,35,0xC331244245148E9dB6EE265B34FAEEE17b347A04,0.0013924059594975066,27.848119189950133
313,2950,35,0x2E05F03D5940cd300b0cf36e18Ce49f0C20A540F,0.0013924059594975066,27.848119189950133
314,2950,35,0x98A2C885073D08295666Eb08191dD2fC573e8f56,0.0013924059594975066,27.848119189950133
315,2950,28,0x856565Db827588a88780454863F98A4A323E13Aa,0.0013924059594975066,27.848119189950133
316,2950,25,0x0B9F6643872b67a62fae6cCBf4B8e0733f3a728f,0.0013924059594975066,27.848119189950133
317,2920,33,0xFDdcAc1754E093125E99FCdDf51328E615566c89,0.0013782458988924472,27.564917977848943
318,2920,28,0xaEB9cF091Ac64705C148b76Ae879085642f87c51,0.0013782458988924472,27.564917977848943
319,2910,31,0xE7B9a6d40E5B979A2Dafb4ac92c0b9A9021b144E,0.0013735258786907608,27.470517573815215
320,2910,23,0x45947EF4031BFae10b3A309D59590ccB4000c86E,0.0013735258786907608,27.470517573815215
321,2910,33,0xc34211A77B069f664729dd5752F65b7b1380baF6,0.0013735258786907608,27.470517573815215
322,2910,35,0xF5f846fe547B14632e0e894C50f3Ab1F02EF1D3a,0.0013735258786907608,27.470517573815215
323,2900,33,0xe9E8E816AE1803298F2d025daf46ca35287C66B3,0.0013688058584890744,27.376117169781487
324,2900,29,0xcd94e8616d58e726e11214fc5e6fe69421bdaf96,0.0013688058584890744,27.376117169781487
325,2900,32,0x055fdB903D64Fb9518a56FCA634e929Fa76826dF,0.0013688058584890744,27.376117169781487
326,2900,34,0x4Dab6DA6846F82C93354aE90F8B56993Efb1e5B1,0.0013688058584890744,27.376117169781487
327,2860,21,0x5Ac163a73831F1C6D6b2d3D1B34a24C2e7D15A85,0.0013499257776823286,26.99851555364657
328,2860,26,0xC1e21562CfE94bbDBc484B3b35F2d4Eec0938b28,0.0013499257776823286,26.99851555364657
329,2860,33,0x001AEF8094d70668247333c646A8e8Ecfd619890,0.0013499257776823286,26.99851555364657
330,2860,35,0x166Ac1d09C42C4950e03aDF0e41e4bb18536B29D,0.0013499257776823286,26.99851555364657
331,2860,34,0x505bB60957a574FEfB4fFE86cF8A20Fd63627b5c,0.0013499257776823286,26.99851555364657
332,2850,34,0x0A8774633288e4dfB496cc038cF8e2538DfCf0De,0.001345205757480642,26.90411514961284
333,2850,26,0x403D30FB89d5411c6B2572707F341204Bcf0FAe0,0.001345205757480642,26.90411514961284
334,2850,32,0xEEB1c458637850dB053277d7B84a1d37a534DE5C,0.001345205757480642,26.90411514961284
335,2850,25,0xa12d957c3ed4a0276b9cded74225bcd64c41712d,0.001345205757480642,26.90411514961284
336,2810,22,0x9c07292da7d490a55ab06cf872696c9d21366bf7,0.0013263256766738961,26.52651353347792
337,2810,33,0x81fD82b125b863C1Ddb8Aad1f313a16df0308B23,0.0013263256766738961,26.52651353347792
338,2770,34,0x3ff2df5094d4902Df2DD0860E971fC73F2e97504,0.0013074455958671503,26.148911917343007
339,2760,28,0x67C55896E0BC84a21B8D2c945bfF74B73418edFF,0.0013027255756654639,26.05451151330928
340,2750,27,0x917350C42d4fBb5Cf384e0A0d693c0355e90b558,0.0012980055554637775,25.960111109275548
341,2750,33,0x0e3768Eabc7B2907E22686391878e46E79405595,0.0012980055554637775,25.960111109275548
342,2750,33,0xFA513Ca9564657A2f238C0450829575C6f8c01f3,0.0012980055554637775,25.960111109275548
343,2750,28,0xF64e6017B79f3640A4d3E395F88dC74dFD35D806,0.0012980055554637775,25.960111109275548
344,2750,17,0xC35Cc4Df3815ED9A211a3037f1C48CEF3794B6de,0.0012980055554637775,25.960111109275548
345,2750,20,0x5F07ab190F2EF7De9F5C1AE4752b0F20c8682738,0.0012980055554637775,25.960111109275548
346,2750,31,0xE174AAD9CA9e077824fe59a1Cd3c3BDA7Cf6530b,0.0012980055554637775,25.960111109275548
347,2730,30,0xb5a22eb83f58750e8e1d32dd640939e4d69b31d2,0.0012885655150604045,25.77131030120809
348,2710,21,0x59b27fc5f000fd200478aea445d7e158b7d2209c,0.0012791254746570314,25.58250949314063
349,2710,20,0x1785F6653e97218dcac5052cBA779d8797cC1065,0.0012791254746570314,25.58250949314063
350,2710,22,0x6783dF04e1312ef4839b391F1A14268f7B2319FA,0.0012791254746570314,25.58250949314063
351,2700,31,0x86e87032A3aD317048F726d4e635A4997C29d27B,0.001274405454455345,25.4881090891069
352,2700,30,0x5e0ff6c8e212e2340071b34519993cfde87eb130,0.001274405454455345,25.4881090891069
353,2700,31,0x79Da6DA3f9eF7Cd95904fB5e4c7491247a81DC0D,0.001274405454455345,25.4881090891069
354,2670,24,0x6E45c384e27Fa890cBe06d292890832CFF0733F4,0.0012602453938502856,25.204907877005713
355,2660,32,0x7D431bE16cc6b72FC3b6794b37928e471047E5Ea,0.0012555253736485992,25.110507472971985
356,2650,31,0xE4095e9868281937bA23fd15D522d5C18d5cD25A,0.0012508053534469128,25.016107068938258
357,2650,33,0x964686a6cB1efD9eCD7b53086C24D0AAC53e0c69,0.0012508053534469128,25.016107068938258
358,2650,25,0x0655eB6fE7f36aBAcAAc31401b90Ef6e26FaB0d8,0.0012508053534469128,25.016107068938258
359,2650,24,0xbaF2F9426521C8b4e955DC9e8f888095DD1322B5,0.0012508053534469128,25.016107068938258
360,2610,27,0x5d18a44476d6acb7fa7c1ec09333966b82021ff0,0.001231925272640167,24.63850545280334
361,2610,22,0x120e164376Fa1FEB9692ed085C5c31a781Ac11E8,0.001231925272640167,24.63850545280334
362,2610,32,0x7faB7e5543591869715EdD9CB0afba075213dFbE,0.001231925272640167,24.63850545280334
363,2610,31,0xCc475C6D51B5fE5cad3256C84af0EdE800ff0767,0.001231925272640167,24.63850545280334
364,2610,29,0x53CE838d63763Cf6272B22EbB8C56feff775d983,0.001231925272640167,24.63850545280334
365,2610,33,0xfACcFA0f71f8a307f9B4D1de5619e6aE382208Cc,0.001231925272640167,24.63850545280334
366,2610,32,0x93779A2032e40313c60cc184E153e1252908D210,0.001231925272640167,24.63850545280334
367,2610,33,0xEF79B9D76590b873409430B17b0Ec9AeCc64fB70,0.001231925272640167,24.63850545280334
368,2600,30,0x9DE62576D93426ce010C5c6909788B50A3641861,0.0012272052524384804,24.54410504876961
369,2600,30,0x337BBC39661A427689d80Bc31cb93AbC87b6EC4e,0.0012272052524384804,24.54410504876961
370,2600,31,0x29591b9fb90bb31aaa2b070567b491cac7675465,0.0012272052524384804,24.54410504876961
371,2560,31,0x9741F5b88aCDBebE8b742A895a623C5241893338,0.0012083251716317345,24.16650343263469
372,2550,31,0xE93f4E4E01E6683B0a49157D91035463319eF1D8,0.0012036051514300481,24.072103028600964
373,2550,31,0x8DEFA5Fb46f87D3c971F27fdF9c23A495A7dB7dD,0.0012036051514300481,24.072103028600964
374,2550,31,0xAb2D49C4e1f6F0B0800daEEFDdC2Ab1eBe0D1a1a,0.0012036051514300481,24.072103028600964
375,2550,31,0x75Fa320b0AAbAbbA1f090BF18a7E64271b0D3aDa,0.0012036051514300481,24.072103028600964
376,2550,31,0x7CDCF416A9fe5e335CC6b2Ebbf7Bca4ad1045BB7,0.0012036051514300481,24.072103028600964
377,2550,28,0x97a1CA841B4792068932D4224681f6F6fa22C549,0.0012036051514300481,24.072103028600964
378,2550,31,0x55d4916801d8F2C4F4a4dEb8A2829b61418daB3f,0.0012036051514300481,24.072103028600964
379,2550,31,0xb1D0D4a6e72D04Cf1afECD2D9b50Ad268c2b8Bcd,0.0012036051514300481,24.072103028600964
380,2550,22,0xB919e09bB077013d5f93c898DAFcC1D0C75559Fe,0.0012036051514300481,24.072103028600964
381,2550,22,0x85A69Eb6148ACff92b7b3a1a1d8d62D864fb94f2,0.0012036051514300481,24.072103028600964
382,2550,22,0x7c7fdeae405dc752e5d226312adf5d95dec7ceba,0.0012036051514300481,24.072103028600964
383,2520,30,0xaC7584829E64c34556Fa9D0386de279C2EFF67b4,0.0011894450908249887,23.788901816499774
384,2510,22,0x3F3323609bC9D10Aa99fa7dB3A2d1Ced16e588F6,0.0011847250706233023,23.694501412466046
385,2500,29,0x1bD9d68d0EDac1bc38FAbF4fbb89E6eAF9811eb1,0.0011800050504216157,23.600101008432315
386,2500,29,0x22984c6Aa988205Ed84Fe0f178B23FD45c9F7320,0.0011800050504216157,23.600101008432315
387,2500,29,0x0f7Aa6a383ADcE35C4e2cEB6499b29D452DD7bb8,0.0011800050504216157,23.600101008432315
388,2500,29,0x9176dE8Df0ccC1175310EB96df36DC6E6b9FC134,0.0011800050504216157,23.600101008432315
389,2500,29,0xFAe8cB7F54166062cA939FaB3Fc20235eC7394A9,0.0011800050504216157,23.600101008432315
390,2500,24,0x057A30fDA162a869f2B4249178584755c1FE3C57,0.0011800050504216157,23.600101008432315
391,2460,18,0x2a70307497A991b0cdCfe4fA35CE1DC93051FB2e,0.0011611249696148699,23.222499392297397
392,2460,28,0xd9b83d65B9B8CAF68999186DF57fec6BdaD0dEFE,0.0011611249696148699,23.222499392297397
393,2460,30,0xa9cF1519f4a19410fa3F9109d13ea698969214AB,0.0011611249696148699,23.222499392297397
394,2450,31,0x7c53D458f1186730C056F1275250FA4fc1253DA6,0.0011564049494131835,23.12809898826367
395,2450,29,0xaEEB73fff9cd0E68C2903b9aFF60d624CFC7d467,0.0011564049494131835,23.12809898826367
396,2450,30,0x97AD9Af8889663c1b5B877A9B542eb73405ca203,0.0011564049494131835,23.12809898826367
397,2450,30,0x708543fD9189f6D37aC519cA83BDaCA4a500d4a8,0.0011564049494131835,23.12809898826367
398,2450,31,0x65C2F80a6C2715108b9152ea066837f0a8F15D95,0.0011564049494131835,23.12809898826367
399,2450,26,0xF3C6c37B9EBB4D21e8bf119841C0e0e296e3EA04,0.0011564049494131835,23.12809898826367
400,2450,30,0x2dceba56e58a07bbfac17c579507c7593cf935a2,0.0011564049494131835,23.12809898826367
401,2450,30,0x31cF00Ac7900b1106CB875BfD78C4a6f6777ed38,0.0011564049494131835,23.12809898826367
402,2450,28,0xc303253bB11498E67d422C18f779a3a11aad3174,0.0011564049494131835,23.12809898826367
403,2410,23,0x73fF19d750Fa7CB1EBe49F89C642b81Cf498bFDF,0.0011375248686064376,22.750497372128752
404,2410,22,0x24dCAEC7592AaA2cC06659852633AD31d71B7635,0.0011375248686064376,22.750497372128752
405,2410,23,0xaF72f81aff7804B9b277373779b4FEbb8B65B215,0.0011375248686064376,22.750497372128752
406,2410,26,0x3D42F44fD8b751dC7864487a52D15618E9544C32,0.0011375248686064376,22.750497372128752
407,2410,28,0x3e4ecdc5f58f6982e8a6a0b9b14a0efc66cd84eb,0.0011375248686064376,22.750497372128752
408,2410,23,0x444b38c15ccc46db22b9590497023d91e506b2ff,0.0011375248686064376,22.750497372128752
409,2400,28,0x50F9a9a70e8D83E98f89b83622081Dae116D9427,0.0011328048484047512,22.656096968095024
410,2400,28,0xB44bA04910505A1d7A509D50e6BBe418f3A3872B,0.0011328048484047512,22.656096968095024
411,2400,28,0x759E4fB1948De8EF52E4829dC95CE98fb553C9DF,0.0011328048484047512,22.656096968095024
412,2400,28,0x491f08534584BE1621D045Cb2467Bf90FA6fF65a,0.0011328048484047512,22.656096968095024
413,2380,17,0x8cce8eeF33e74EA5E52d8c3D2Af3376fb55dA34f,0.0011233648080013782,22.467296160027566
414,2370,22,0xb4dde601f40db20892129d4558fbfa7219f46e98,0.0011186447877996918,22.372895755993838
415,2360,29,0x0Aa91847cE478D48f24C08637De878C154d8D72e,0.0011139247675980054,22.278495351960107
416,2360,30,0x20287f6Af688c252Ea7275075d43D6bb9A1F56C4,0.0011139247675980054,22.278495351960107
417,2360,30,0xc731991d6e51071E9e1f1E1e21a6385aD08238d7,0.0011139247675980054,22.278495351960107
418,2350,29,0xf3160874297A15e82c1fe8384915fA60944F0847,0.0011092047473963188,22.184094947926376
419,2350,29,0x534b49E4D3Ba57B669D6D57BE5DD605d09e573BB,0.0011092047473963188,22.184094947926376
420,2350,29,0x92B39991397ccCf8a02a7e3F48948FAe3869843F,0.0011092047473963188,22.184094947926376
421,2350,30,0x1927ca6ec97c73f21778aafbe52230acbd337724,0.0011092047473963188,22.184094947926376
422,2350,26,0x446344cc9921a531496aEF06776ef266ab03D9C5,0.0011092047473963188,22.184094947926376
423,2350,30,0x2056DC307B4F11c8bF2667F713F46e4C1ebfFE4a,0.0011092047473963188,22.184094947926376
424,2350,27,0x3a6e7E45AFd09ceeE10A8AA88a0e9eABB0ca4CCa,0.0011092047473963188,22.184094947926376
425,2350,29,0x200f32f5fb59075b880cD15a5B01A51EfEaADE5b,0.0011092047473963188,22.184094947926376
426,2350,29,0x0B90D88BC73c9bb68121F5E47c0a63735C43f883,0.0011092047473963188,22.184094947926376
427,2350,29,0xC4a3BDcc8183d5eeaeD40f8aAC41032e17d97ec4,0.0011092047473963188,22.184094947926376
428,2350,30,0x1b00FdEb0600715fEAc7cEfCD2701e2B07EAc55A,0.0011092047473963188,22.184094947926376
429,2350,29,0x23C22A881f93FeB051fB5776874C94c0247198Cb,0.0011092047473963188,22.184094947926376
430,2350,29,0xd6af0ad1fa5afdc816e85f3c5284385b82bc16a8,0.0011092047473963188,22.184094947926376
431,2350,21,0x306ec69f504cb1e22f898a0b3b1c22fd9cde6430,0.0011092047473963188,22.184094947926376
432,2310,21,0x1dd19cfc54ee4d330060e2c7e8418c7c1b834e84,0.001090324666589573,21.806493331791458
433,2310,30,0x872C2e446f5c1bBD5ea6A4DB438A0B187F961112,0.001090324666589573,21.806493331791458
434,2300,27,0x393c4110BdB1DF4CBf4ae2F1a848B9aA6af8a9F4,0.0010856046463878866,21.71209292775773
435,2300,27,0x021a4f951b5911b9B6fC631393beC3df5c591B2c,0.0010856046463878866,21.71209292775773
436,2300,27,0xEaAE51262d0341b7a360A31258660C44442478D1,0.0010856046463878866,21.71209292775773
437,2300,27,0xb7855c3827B0c4c49Fa40481b5FC6a7D1a7b782c,0.0010856046463878866,21.71209292775773
438,2300,27,0x3dCac931E22a0bdf43B89De83A7947AB18e56dc7,0.0010856046463878866,21.71209292775773
439,2300,27,0x775dBa5b860B8ad8CDB23437FCc45Cba2D5701D4,0.0010856046463878866,21.71209292775773
440,2300,27,0x78e253eA947f3e709d2b6850992C7b6A31D9C4A5,0.0010856046463878866,21.71209292775773
441,2300,27,0x1A4300eE6403af31A3e2FF0F41cd60485Cb81A7B,0.0010856046463878866,21.71209292775773
442,2300,26,0x8F8B3d9f6A511Db223BA47F81485f53917a96E5E,0.0010856046463878866,21.71209292775773
443,2300,26,0xcCcA978396eBe5650cD95520E6C1DDb88dD5CbAb,0.0010856046463878866,21.71209292775773
444,2280,26,0x9E7c746f3D731Be251986A305aA8D1206ca6Ac69,0.0010761646059845136,21.52329211969027
445,2270,25,0x0A251dF99A88A20a93876205Fb7f5Faf2E85A481,0.0010714445857828271,21.428891715656544
446,2270,30,0xb456722E785dE76922dFe4c39B274AD53Ca8Eb64,0.0010714445857828271,21.428891715656544
447,2270,25,0x00B7575cdcbF923D5C23c525AACc6a2E191dAe69,0.0010714445857828271,21.428891715656544
448,2260,23,0x72cB275701816B51347995b27Df6a5139FDFaF89,0.0010667245655811407,21.334491311622816
449,2260,21,0x8CCBC1C530C48D8764C3D59526C57D141f5a9Af2,0.0010667245655811407,21.334491311622816
450,2260,31,0x4Aea2072c6f1C83a20dB0c8ed092F09745ebC3a7,0.0010667245655811407,21.334491311622816
451,2260,28,0xB4733F96e74767f6251dE7182532a40EC0AD950a,0.0010667245655811407,21.334491311622816
452,2250,28,0xEC900f64D1A01d05E14a6dBEE589f0A9Bb3e6963,0.0010620045453794541,21.24009090758908
453,2250,28,0xb1aE8Cf422E9e76e2AF949Bc64fEcfd74c06879e,0.0010620045453794541,21.24009090758908
454,2250,28,0xF72bbfdBaA6E6293e3AcD5a5a49D4952C41c59e6,0.0010620045453794541,21.24009090758908
455,2250,29,0xc8B70fd8b1e4f24618D1Cffe0A8Dfe82592Cf5F7,0.0010620045453794541,21.24009090758908
456,2250,29,0xe16A3d506384C0DEcad8f2f06a2D8A30F88D3898,0.0010620045453794541,21.24009090758908
457,2250,29,0xB2e2Ac8A02b0f0f68f3AFC000d0E5Be30E0c4830,0.0010620045453794541,21.24009090758908
458,2250,29,0x9DDc9eDD2B861536499738370394D91e550aad8E,0.0010620045453794541,21.24009090758908
459,2250,28,0x2dbb11921C12a4195e5c736321D954418dA2a0E3,0.0010620045453794541,21.24009090758908
460,2250,27,0xe88d3E931c6a70C120796c36151c8a4402F2393e,0.0010620045453794541,21.24009090758908
461,2250,28,0xB15d31558771f60F4aeBD10CCf6983f74911f5c9,0.0010620045453794541,21.24009090758908
462,2250,28,0x253Ec29259D26ED67247c8629916c4Ee71926399,0.0010620045453794541,21.24009090758908
463,2250,28,0x5cbAf7D959465Ba7cbb08489215EF1C2eeA3015b,0.0010620045453794541,21.24009090758908
464,2250,29,0xa0EA78C44b6B2a91160846150A75ca3e175aA800,0.0010620045453794541,21.24009090758908
465,2250,29,0x644175f6B91589828e190Ef56204227ec919B058,0.0010620045453794541,21.24009090758908
466,2250,21,0x0D88ab85DE9AD6416c13D2f6ae564b4944C510fB,0.0010620045453794541,21.24009090758908
467,2220,17,0x0000a50504B7E8C85BfA46F8B5F6B9377097aBFF,0.001047844484774395,20.9568896954879
468,2210,21,0x8E31d63313b75112F3F33912696a1B264951Eadd,0.0010431244645727083,20.862489291454168
469,2210,30,0x75Ae9CBb80F416750b6a4fE14AB7cfCdB79B5bb0,0.0010431244645727083,20.862489291454168
470,2210,28,0x7dfeF47f56BdDF0C1BcA6c17d71362Cd60C1961a,0.0010431244645727083,20.862489291454168
471,2210,20,0x6fB10b4D68889B7f7a5DC4e367FbCE96b3370A63,0.0010431244645727083,20.862489291454168
472,2200,26,0x7d21122B66325AA1710046A01b54044C4Ec9AE7B,0.001038404444371022,20.768088887420436
473,2200,26,0x3589e585f4D5966f3D35b7d325eF079a39Dd760d,0.001038404444371022,20.768088887420436
474,2200,26,0xC5262257A628F7cE4F602EeD6df8e22ed3A3F017,0.001038404444371022,20.768088887420436
475,2200,26,0xb0bd55f90191d000fdbe2c706352c34bd1315ae7,0.001038404444371022,20.768088887420436
476,2200,26,0xEE2Ee4874404857d5785CB1E0dA964e3fbC7b491,0.001038404444371022,20.768088887420436
477,2200,26,0x793D67394B4bFA77F4663BC03c7b041cA44cd693,0.001038404444371022,20.768088887420436
478,2200,26,0x73a5ca2397b5071fc1d24b1d68a91581930c3321,0.001038404444371022,20.768088887420436
479,2200,24,0x9f07d23531349275b407a93e589c40a89d1e5179,0.001038404444371022,20.768088887420436
480,2170,22,0x00000034A9ac3ee7B0a2cb2e5207DCFA1b998347,0.0010242443837659625,20.48488767531925
481,2160,26,0x67638f8c3fdaea2083bdb58afaa019069bc99c47,0.001019524363564276,20.390487271285522
482,2160,18,0xFF21ac138fc8F482a43cA678D8855B1f66Ae83A7,0.001019524363564276,20.390487271285522
483,2160,28,0xf824793cf1ae271a22e3d20614e7f3041cce043f,0.001019524363564276,20.390487271285522
484,2150,15,0xCB22B56779e19E7FE809F10A2E5863aE01b5F257,0.0010148043433625897,20.296086867251795
485,2150,27,0x602cdAC4d2860Ae1859C744FCCA24e04107Ed8D5,0.0010148043433625897,20.296086867251795
486,2150,27,0xc8e461b5161e381E5dD6f4923d10F5eECE09fF83,0.0010148043433625897,20.296086867251795
487,2150,27,0x405ed99e12daf1ee89dbdd1d0d4fd933d63eb13d,0.0010148043433625897,20.296086867251795
488,2150,27,0x3DE3A7A0CacdAfF8f725DeD46Bfc27263c100a16,0.0010148043433625897,20.296086867251795
489,2150,27,0x4fC4d54A713d7D4dC658058415f9fd39FA0E053B,0.0010148043433625897,20.296086867251795
490,2150,27,0x1F31E22a4e24721937AdF8854e5c4dc885fad8F5,0.0010148043433625897,20.296086867251795
491,2150,28,0x5a1572aa159865e4b5bdacba44dceb5ce4c8e57a,0.0010148043433625897,20.296086867251795
492,2150,27,0x1F886bb69e3Ba6160D446577C5271Fd57526F599,0.0010148043433625897,20.296086867251795
493,2150,27,0xB50f3dB47f8c903eBD2fD39D5f1dD269FB754C86,0.0010148043433625897,20.296086867251795
494,2150,26,0x9271000a0029E2B32EC144EEd196c5AE3fDff19f,0.0010148043433625897,20.296086867251795
495,2150,27,0xB3336D7D4606a584138bc992B188C08B118815C9,0.0010148043433625897,20.296086867251795
496,2150,28,0xd7e4882b9C151Ad07e2B1DB6768C317AfEF50aF2,0.0010148043433625897,20.296086867251795
497,2150,27,0xE521aB543C8fc7Aa264e3d95f98A02eD6cFc92ef,0.0010148043433625897,20.296086867251795
498,2150,27,0xe749463376F64C9E173cfC7a95E15a7EBb811415,0.0010148043433625897,20.296086867251795
499,2150,28,0x86c5f7602D7825F16312B83A8d4cfb0391666d3D,0.0010148043433625897,20.296086867251795
500,2150,28,0x53CEb9A3C303B9417ab50eDf70910EC479447eb9,0.0010148043433625897,20.296086867251795
501,2150,27,0x4a934f2D66b1b57776F5768d803B35E231881ac9,0.0010148043433625897,20.296086867251795
502,2150,27,0x15c0474a5a0D3d2Ce115AfE2A27513382d24db4D,0.0010148043433625897,20.296086867251795
503,2150,27,0xDA258fA2f21A6FE7C0B6d222131fd5C367ce4Bd9,0.0010148043433625897,20.296086867251795
504,2150,26,0xFC519A56503F124FbaA6B0377e51C277be02a90b,0.0010148043433625897,20.296086867251795
505,2150,28,0x69F49aD1aC28400E56dB216F0a1FeC6605Dfd4ab,0.0010148043433625897,20.296086867251795
506,2150,25,0x78Ff533A3A52c7154947B663aC943304640DE114,0.0010148043433625897,20.296086867251795
507,2150,26,0x5DC580f53f88be2b9BF4580D7e0Def9ecE1fa83a,0.0010148043433625897,20.296086867251795
508,2150,22,0xc955c6B05258Dc51A73d03b654F6EBA7fad2dF0E,0.0010148043433625897,20.296086867251795
510,2110,23,0x7d923850ff20d64addfa4194357559bd1ff63e2a,0.0009959242625558436,19.918485251116874
511,2110,17,0xEf391bCC8800EF5fc3aC869c56f264d56dc3b59F,0.0009959242625558436,19.918485251116874
512,2100,26,0x5928523Faa0744e5BB5F5C61F4a467302AcD8F6C,0.0009912042423541572,19.824084847083146
513,2100,26,0xaaBA04997a965125Be14026289103E18148D3308,0.0009912042423541572,19.824084847083146
514,2100,25,0xba9acA34125fBb7E942D3E744e55e11321323C71,0.0009912042423541572,19.824084847083146
515,2100,25,0xB53BD46e8925Dd4d3A853b8E34aB9bD9b712B19b,0.0009912042423541572,19.824084847083146
516,2100,25,0xc104E2431b8a9CaDBeC675564Cb2256444f9534e,0.0009912042423541572,19.824084847083146
517,2060,16,0xE01D645e67e3B13DaaF73e35cc407D68C6Bf714d,0.0009723241615474114,19.44648323094823
518,2060,27,0x80ee70171a8b82293ec0ebeebe42f8a4114768e0,0.0009723241615474114,19.44648323094823
519,2060,23,0x2ED04A8A4C0DA409bcFfb337954386401c2Ef8CC,0.0009723241615474114,19.44648323094823
520,2060,27,0xa55b659e04e5964EEabdb757157Cd748f373ee9D,0.0009723241615474114,19.44648323094823
521,2050,22,0x250c3e336bc1a8968aaaea6aaf8546719e4522e3,0.000967604141345725,19.3520828269145
522,2050,26,0x8a583ac2b9aef77139962c57531aec23202a42a6,0.000967604141345725,19.3520828269145
523,2050,26,0xA8C251C6D574769f44F68a64AedbCBD0C9d244b5,0.000967604141345725,19.3520828269145
524,2050,26,0x4E8A5F4dEb1e5f36578d30066C75939Ce7fcaE4e,0.000967604141345725,19.3520828269145
525,2050,26,0xd24ba322781E5f88DF8d83c6A17B912C09E03dd4,0.000967604141345725,19.3520828269145
526,2050,26,0x926A012c0Cf3e761F987478d14EC7184d918Bf00,0.000967604141345725,19.3520828269145
527,2050,26,0x0376A45D268186b5833C8A988D84fF7dD95fBC34,0.000967604141345725,19.3520828269145
528,2050,26,0xb514E6A7f2CF371Edf15a1628eB361731678b386,0.000967604141345725,19.3520828269145
529,2050,27,0x67F2148eC627509Ed106b7604355Ec80d306f740,0.000967604141345725,19.3520828269145
530,2050,27,0xC856837CE657Dc00Ab70f2f8142a8A20b29f2856,0.000967604141345725,19.3520828269145
531,2050,27,0x3C28D77A3C4C4bdc6eceE01d2CAb2B72CDBD96aB,0.000967604141345725,19.3520828269145
532,2050,27,0x0f30436Db50e09F9a78f34b9B151baf7b732974e,0.000967604141345725,19.3520828269145
533,2050,27,0x1143aa5475E8E2cFAb1bA206167583225295dcDa,0.000967604141345725,19.3520828269145
534,2050,27,0xCCaef1CD52004d3255Db0f13761847D08e58853d,0.000967604141345725,19.3520828269145
535,2050,27,0xA6ca6e9dDC2ef7765da70175E2444a50603626B4,0.000967604141345725,19.3520828269145
536,2050,27,0xF222785799A546e52BD25ac0b4f34D4aDe636bfE,0.000967604141345725,19.3520828269145
537,2050,27,0x4956Ea18dFE88e171b1677FFF19eae3956E9EC21,0.000967604141345725,19.3520828269145
538,2050,26,0x1dfe55387ea71ee6acbf15c4a619f48dd6713ba2,0.000967604141345725,19.3520828269145
539,2050,27,0x8E45A2dc0cdeC5093e3418599e14f4B42b2589AD,0.000967604141345725,19.3520828269145
540,2050,26,0x9f8a742dc470653e186ecd00a303ed29a8b9cf7a,0.000967604141345725,19.3520828269145
541,2050,27,0xf7752469926B5Fc2a06030Fa066ce0158A073e93,0.000967604141345725,19.3520828269145
542,2050,27,0x5Fc15D6FD577e5d471c95eE11Da6E8FB4454d443,0.000967604141345725,19.3520828269145
543,2050,27,0x0F0a8eC048ABd9A5A1B1097A1968497C57667435,0.000967604141345725,19.3520828269145
544,2050,27,0x4303faa0B525542B71193438e16f2D96b037FC6A,0.000967604141345725,19.3520828269145
545,2050,27,0xb7E71115876d913c5A161955e468590B2e805dc1,0.000967604141345725,19.3520828269145
546,2050,27,0x014bd2092b57b0ab1a0df6ec6df615e4822a2c21,0.000967604141345725,19.3520828269145
547,2050,26,0xD9dCfc1ff83f4f45Bd7E52f22DB8eC35016b559a,0.000967604141345725,19.3520828269145
548,2050,27,0x3E8AD7F4f06E92522d8983d4474122E5e98b2428,0.000967604141345725,19.3520828269145
549,2050,26,0x1ADAc77D24DA66aed2fFA92FB3fc50405230056d,0.000967604141345725,19.3520828269145
550,2050,23,0xDC6dABaFBF4E1b785B2570D5F3c0320509dB51c9,0.000967604141345725,19.3520828269145
551,2050,26,0x5126f9f3522ed030f4728028e141026924bf1539,0.000967604141345725,19.3520828269145
552,2050,25,0x37D34B424dC624a41fE412ab1460d1e0eBEfb8aF,0.000967604141345725,19.3520828269145
553,2020,17,0xecc7BC61Bf2eac93Fd62D9e6BF7F57F3b497C58F,0.0009534440807406656,19.06888161481331
554,2010,16,0xCE710BeDfF2dad1f995831D69a4bf29020A47Be5,0.0009487240605389791,18.974481210779583
555,2010,19,0x3a47581264273B29C14Bb67f76fA34EEF743149B,0.0009487240605389791,18.974481210779583
556,2010,21,0x87846699083491ded70AbB2D0d65e38e88568a5f,0.0009487240605389791,18.974481210779583
